                  epoch,             train/loss,  metrics/accuracy_top1,  metrics/accuracy_top5,               val/loss,                 lr/pg0,                 lr/pg1,                 lr/pg2
                      1,                0.77365,                0.94423,                      1,                0.82178,             0.00023659,             0.00023659,             0.00023659
                      2,                0.24014,                0.94662,                      1,                0.78754,             0.00023967,             0.00023967,             0.00023967
